YEAR,Day,SolarRadiation,Temperature,Humidity,WindSpeed
2024,1,7.22,12.19,59.47,1.31
2024,2,8.77,12.34,56.57,1.35
2024,3,3.99,13.09,45.68,1.03
2024,4,2.09,11.26,60.43,1
2024,5,2.5,11.51,68.29,0.96
2024,6,4.94,11.67,69.21,0.83
2024,7,6.79,11.21,72.18,0.99
2024,8,5.24,13.99,57.67,0.92
2024,9,3.44,13.13,58.17,1.01
2024,10,10.39,11.66,55.33,2.47
2024,11,11.69,10.61,53.14,1.97
2024,12,11.54,11.2,47.98,1.94
2024,13,8.72,12.81,42.54,1.41
2024,14,9.26,11.84,43.3,1.74
2024,15,11.73,11.46,45.32,1.39
2024,16,6.07,12.15,43.45,1.21
2024,17,10.06,12,42.26,1.46
2024,18,7.25,12.41,45.61,0.91
2024,19,3.97,12.52,49.3,0.98
2024,20,8.01,12.29,49.95,0.93
2024,21,8.98,11.12,53.01,2.14
2024,22,9.7,11.83,38.7,1.06
2024,23,8.03,13.07,39.27,1.41
2024,24,8.62,12.49,45.28,1.15
2024,25,8.56,12.77,45.75,0.93
2024,26,10.01,14.99,38.05,0.81
2024,27,14.56,14.78,38.48,2.35
2024,28,6.63,14.25,44.64,1.39
2024,29,10.96,15.37,44.84,1.24
2024,30,6.87,16.16,42.92,0.89
2024,31,5.84,16.08,50.07,1.18
2024,32,8.08,14.26,73.16,2.74
2024,33,12.6,13.83,57.25,2.12
2024,34,11.33,15.72,39.92,1.96
2024,35,6.43,15.03,83.36,1.21
2024,36,10.83,15.45,66.77,1.7
2024,37,16.54,12.68,41.28,2.51
2024,38,14.41,12.76,41.85,2.85
2024,39,17.18,12.51,42.24,3.74
2024,40,18.5,14.35,35.15,1.73
2024,41,17.04,15.69,33.51,0.83
2024,42,15.6,15.07,42.52,1.2
2024,43,10.92,16.91,40.35,0.81
2024,44,10.26,17.65,34.89,0.78
2024,45,14.17,16.78,41.28,1.32
2024,46,15.89,16.76,45.43,1.49
2024,47,16.99,16.74,37.97,1.47
2024,48,18.19,17.34,33.27,1.95
2024,49,15.66,19.55,30.47,1.57
2024,50,14.25,19.88,37.77,3
2024,51,13.78,20.6,55.19,1.28
2024,52,15.81,17.72,35.78,1.76
2024,53,18.15,17.08,35.52,1.84
2024,54,19.84,15.79,38.54,2
2024,55,16.62,17.01,33.89,1.41
2024,56,16.12,17.31,31.93,1.48
2024,57,12.56,18.28,33.2,2.09
2024,58,14.87,17.51,50,2.39
2024,59,20.13,18.15,46.72,2.65
2024,60,20.96,18.77,37.17,2.17
2024,61,15.59,22.17,36.53,1.45
2024,62,13.75,20.11,60.49,3.42
2024,63,12.65,18.56,69.75,1.61
2024,64,21.36,15.19,37.01,2.06
2024,65,20.49,14.65,31.26,2.54
2024,66,18.07,15.48,33.17,2.17
2024,67,20.76,17.8,36.77,1.95
2024,68,20.31,18.99,37.41,2.18
2024,69,22.04,18.67,37.46,2.49
2024,70,18.62,19.97,35.94,1.56
2024,71,20.99,22.55,31.04,1.17
2024,72,20.38,23.13,34.67,1.79
2024,73,19.56,23.08,34.57,1.97
2024,74,20.61,22.51,35.78,1.86
2024,75,22.99,21.98,34.23,2.7
2024,76,21.27,20.45,28.67,1.44
2024,77,19.9,21.4,26.27,1.48
2024,78,23.28,22.64,28.43,1.8
2024,79,22.31,23.29,28.31,1.8
2024,80,22.52,25.53,22.49,1.18
2024,81,20.81,21.9,28.5,1.94
2024,82,21.91,24.74,29.4,1.65
2024,83,22.99,26.75,26.44,2.92
2024,84,12.46,24.62,27.57,1.89
2024,85,23.74,25.92,27.19,2.79
2024,86,19.18,27.34,27.25,2.21
2024,87,18.12,30.05,25.42,1.96
2024,88,19.67,30.98,30.71,1.85
2024,89,19.47,31.17,32.97,1.17
2024,90,21.84,29.96,28.77,2.33
2024,91,23.5,28.6,23.42,2.4
2024,92,20.76,26.08,29.61,3.49
2024,93,23.79,26.81,19.34,2.86
2024,94,20.46,29.08,21.1,1.04
2024,95,21.98,29.96,18.97,1.7
2024,96,18.34,28.79,21.31,2.74
2024,97,23.53,27.68,19.14,2.41
2024,98,26.47,27.9,15.37,2.38
2024,99,25.32,29.41,15.81,2.06
2024,100,21.28,29.36,14.78,1.79
2024,101,23.23,30.48,15.94,1.41
2024,102,20.64,31.24,26.16,0.89
2024,103,21.37,32.24,22.34,1.28
2024,104,16.3,31.84,25.95,2.08
2024,105,12.68,30.38,32.53,1.52
2024,106,15.42,29.51,38.01,1.73
2024,107,24.06,30.15,34.11,3.52
2024,108,25.59,29.82,23.79,4.43
2024,109,25.15,31.08,23.83,3.05
2024,110,23.39,32.13,25.42,2.75
2024,111,24.4,30.83,22.4,2.75
2024,112,22.21,31.4,26.13,2.93
2024,113,24.2,31.99,24.93,2.77
2024,114,23.33,32.37,17.73,1.66
2024,115,26.15,31.17,21.97,2.47
2024,116,26.38,32.36,19.62,2.96
2024,117,23.9,33.79,19.33,1.76
2024,118,23.73,33.55,20.07,2.87
2024,119,22.8,32.18,23.06,1.99
2024,120,24.6,33.26,22.98,2.98
2024,121,27.27,30.33,21.9,3.07
2024,122,25.59,27.77,19.07,3.88
2024,123,27.68,28.64,18.53,2.84
2024,124,24.9,31.32,15.05,3.25
2024,125,23.59,33.94,15.78,2.26
2024,126,26.38,34.47,20.69,2.7
2024,127,25.55,34.93,20.65,2.59
2024,128,23.74,35.9,19.19,1.28
2024,129,24,35.02,19.31,2.3
2024,130,24.82,33.19,28.64,2.53
2024,131,23.29,34.37,27.33,2.14
2024,132,23.71,34.35,29.22,1.91
2024,133,22.62,34.88,24.38,1.89
2024,134,21.33,34.96,20.55,1.72
2024,135,25.32,34.47,15.96,2.4
2024,136,26.12,35.3,11.8,1.97
2024,137,25.51,36.64,12.45,1.6
2024,138,24.31,38.49,14.11,1.91
2024,139,25.17,38.45,15.12,2.5
2024,140,25.01,38.84,17.41,2.93
2024,141,24.67,39.07,16.48,3.04
2024,142,25.32,37.88,14.96,1.78
2024,143,24.34,37.36,18.14,2.3
2024,144,24.15,36.76,29.06,3.59
2024,145,24.11,36.74,30.24,2.46
2024,146,24.07,38.26,23.1,2.43
2024,147,27.17,39.23,16.72,2.66
2024,148,26.52,39.37,15.79,2.17
2024,149,28.27,40.32,9.69,1.97
2024,150,25.76,39.82,11.16,2.28
2024,151,26.98,39.49,13.15,3.18
2024,152,26.4,39.45,9.84,2.58
2024,153,19.92,38.63,15.77,2.59
2024,154,25.14,38.73,21.53,2.06
2024,155,24.82,39.2,18.55,3.03
2024,156,21.76,39.51,18.85,2.3
2024,157,23.2,38.81,21.15,3.06
2024,158,24.88,37.27,22.79,2.31
2024,159,23.87,37.43,26.29,3.31
2024,160,22.96,37.64,24.29,3.87
2024,161,26.42,37.28,21.07,3.54
2024,162,24.35,37.63,17.96,3.21
2024,163,23.03,38.21,16.09,2.56
2024,164,26.09,39.09,14.95,2.61
2024,165,24.65,39.48,19.67,4.21
2024,166,23.78,39.82,22.72,5.51
2024,167,26.82,40.23,20.93,4.83
2024,168,26.35,40.28,21.8,4.74
2024,169,24.45,41.15,23.82,4.53
2024,170,24.71,41.23,24.27,4.9
2024,171,23.68,40.97,24.55,4.48
2024,172,21.88,38.99,27.03,2.14
2024,173,18.04,36.94,31.13,2.1
2024,174,17.84,37.05,29.25,1.42
2024,175,18.42,38.13,31.69,1.89
2024,176,16.01,35.09,47.12,2.16
2024,177,18.71,36.02,47.46,1.19
2024,178,14.96,36.06,45.85,2.16
2024,179,14.37,32.06,69.38,2.18
2024,180,11.19,31.85,67.8,2.58
2024,181,12.13,32.83,63.35,3.12
2024,182,16.53,33.33,63.7,2.39
2024,183,14.92,33.18,63.93,2.45
2024,184,9.97,33.78,66.18,2.17
2024,185,7.31,30.67,78.16,1.51
2024,186,10.08,28.55,85.11,2.66
2024,187,13.03,31.32,73.22,2.39
2024,188,12.15,29.85,79.03,2.22
2024,189,15.3,30.08,76.58,1.26
2024,190,13.04,30.69,75.18,2.1
2024,191,13.76,30.22,75.75,1.8
2024,192,12.24,32.47,67.97,1.56
2024,193,19.31,33.28,69.07,1.96
2024,194,13.24,33.58,66,2.21
2024,195,18.34,31.54,68.35,1.24
2024,196,22.14,32.44,62.33,1.49
2024,197,15.91,32.3,66.1,2.36
2024,198,20.78,32.53,68.17,2.96
2024,199,20.17,32.47,67.72,2.35
2024,200,14.14,32.3,70.47,1.73
2024,201,12.69,31.87,70.77,2.18
2024,202,21.6,32.13,68.07,1.73
2024,203,18.02,33.17,64.19,2.58
2024,204,12.71,32.43,68.85,2.72
2024,205,16.51,32.15,72.55,2.46
2024,206,14.08,29.89,83.12,2.85
2024,207,16.62,31.07,76.87,2.27
2024,208,11.94,31.09,76.35,1.44
2024,209,18.56,30.71,81.12,1.89
2024,210,21.92,31.95,72.77,2.11
2024,211,21.21,31.85,72.43,2.49
2024,212,22.29,32.47,71.56,2.03
2024,213,14.62,31.78,78.87,2
2024,214,16.46,28.8,89.15,2.48
2024,215,14.42,29.08,84.65,2.08
2024,216,18.19,29.1,82.36,2.88
2024,217,18.95,29.18,80.32,3.28
2024,218,16.51,29.17,82.51,4.32
2024,219,17.85,28.67,83.27,3.26
2024,220,9.51,27.1,89.45,3.12
2024,221,15.24,28.22,88.12,2.6
2024,222,16.51,28.26,91.23,1.09
2024,223,13.96,28.99,86.05,1.3
2024,224,11.57,28.22,87.73,1.68
2024,225,13.87,28.35,86.09,1.61
2024,226,16.91,28.34,89.16,1.84
2024,227,16.22,28.44,90.84,1.38
2024,228,15.9,28.95,87.24,1.52
2024,229,17.45,28.83,86.75,2.5
2024,230,18.53,29.18,86.82,0.94
2024,231,15.9,29.51,84.28,1.5
2024,232,14.8,29.09,84.54,1.44
2024,233,14.22,28.75,84.75,1.56
2024,234,19.13,29.34,82.12,1.41
2024,235,19.43,29.87,81.01,1.25
2024,236,11.03,28.56,83.46,0.71
2024,237,17.19,29.31,81.68,0.96
2024,238,18.92,28.75,84.05,2.87
2024,239,16.68,28.34,84.37,3.09
2024,240,17.62,28.21,84.66,3.28
2024,241,16.34,28.07,86.49,1.99
2024,242,13.06,27.75,85.08,2.02
2024,243,21.26,28.75,77.73,0.67
2024,244,21.06,29.17,77.81,1.65
2024,245,19.84,29.91,76.99,1.27
2024,246,15.87,27.22,88.06,1.99
2024,247,17.93,29.25,79.5,1.52
2024,248,10.01,28.4,83.96,0.9
2024,249,17.35,28.44,81.96,0.83
2024,250,12.74,27.31,88.27,1.83
2024,251,14.52,28.01,84.63,1.14
2024,252,7.54,28.99,81.18,0.68
2024,253,16.7,28.69,82.94,0.76
2024,254,16.16,30,76.36,0.93
2024,255,11.51,28.44,85.21,1.22
2024,256,6.77,27.35,90.04,3.38
2024,257,6.37,27.54,87.18,2.93
2024,258,12.75,27.08,85.49,2.61
2024,259,15.96,26.87,84.11,1.96
2024,260,18.79,26.51,81.5,1.91
2024,261,16.47,27.04,80.19,1
2024,262,5.71,26.05,88.8,1.81
2024,263,12.93,27.14,86.45,2.21
2024,264,19.54,27.8,83.68,0.95
2024,265,19.65,28.37,82.88,0.98
2024,266,19.35,29.22,81.54,0.98
2024,267,19.45,29.32,82.91,1.02
2024,268,17.93,30.37,75.8,0.46
2024,269,13.92,28.54,86.49,1.77
2024,270,15.9,27.38,88.79,1.85
2024,271,15.9,26.73,87.68,2.77
2024,272,14.58,26.14,90.19,2.25
2024,273,14.41,28.16,81.01,0.94
2024,274,17.08,27.27,80.79,1.63
2024,275,18.53,27.23,77.42,1.91
2024,276,20.3,27.21,74.81,1.87
2024,277,20.88,26.92,69.29,1.67
2024,278,20.5,26.56,74.69,1.35
2024,279,19.55,27.28,78.14,1.58
2024,280,18.75,26.54,73.77,1.32
2024,281,18.87,26.26,71.46,1.19
2024,282,18.06,26.64,65.25,0.88
2024,283,17.76,26.25,64.92,1.17
2024,284,18.62,25.34,69.56,1.76
2024,285,19.4,24.17,64.88,1.62
2024,286,18.58,24.43,59.33,1.41
2024,287,16.58,24.45,60.75,1.1
2024,288,16.87,25.38,66.48,1.49
2024,289,17.96,24.78,56.2,1.36
2024,290,15.75,24.55,58.63,1.28
2024,291,16.63,24.79,64.25,1.29
2024,292,17.86,25.25,62.99,1.05
2024,293,17.84,25.18,67.11,1.29
2024,294,16.49,25.16,66.14,0.89
2024,295,15.15,24.92,72.21,0.97
2024,296,14.7,24.93,74.97,0.97
2024,297,14.35,24.6,66.57,1.5
2024,298,16.11,24.33,66.73,1.97
2024,299,16.54,24.85,63.01,1.8
2024,300,17.02,24.5,61.69,1.66
2024,301,17.22,24.14,69.85,1.28
2024,302,16.34,24.25,79.63,1.73
2024,303,16.16,25.41,74.41,1.36
2024,304,16.44,26.67,65.07,1.17
2024,305,16.23,25.63,58.6,1.77
2024,306,15.6,24.15,49.4,1.97
2024,307,14.54,23.87,52.38,1.19
2024,308,13.89,23.81,57.63,0.96
2024,309,12.42,22.93,64.86,0.95
2024,310,12.1,22.69,69.13,1.25
2024,311,11.43,22.81,68.3,1.06
2024,312,10.6,22.78,71.49,1.18
2024,313,11.05,23.16,73.68,1.26
2024,314,12.12,23.17,75.92,1.82
2024,315,11.01,23.65,66.71,1.42
2024,316,10.94,23.76,64.43,1.07
2024,317,12.82,23.21,60.45,1.44
2024,318,8.93,22.04,53.42,1.34
2024,319,11.02,22.31,48.97,1.04
2024,320,12.44,22.05,50.03,1.58
2024,321,11.43,21.45,51.4,1.59
2024,322,11.05,21.13,53.46,1.37
2024,323,8.18,19.08,52.76,1.44
2024,324,9.48,18.59,48.16,1.65
2024,325,11.3,18.65,44.78,1.37
2024,326,12.03,18.98,41.55,1.28
2024,327,10.72,18.87,41.14,1.31
2024,328,10.48,18.68,48.05,1.32
2024,329,12.84,19.16,50.04,1.9
2024,330,11.25,17.93,52.52,1.92
2024,331,12.55,17.53,48.36,1.84
2024,332,12.29,17.98,48.55,1.57
2024,333,12.55,18.53,44.89,1.12
2024,334,12.14,18.3,44.33,1.15
2024,335,11.98,17.7,47.81,1.56
2024,336,12.51,17.19,48.45,1.29
2024,337,13.16,19.09,47.4,1.3
2024,338,13.19,19.33,51.27,1.42
2024,339,13.97,18.25,52.08,2.67
2024,340,14.66,16.13,46.62,2.23
2024,341,13.88,16.31,46.85,2.06
2024,342,13.79,16.12,37.67,1.21
2024,343,11.13,14.81,45.52,2.01
2024,344,11.94,13.93,60.69,1.49
2024,345,12.9,12.7,48.65,2.49
2024,346,14.01,12.36,33.17,2.11
2024,347,13.64,11.45,35.65,2.08
2024,348,13.64,12.23,38.43,3.47
2024,349,14.39,11.82,36.87,2.56
2024,350,13.37,12.42,35.5,1.31
2024,351,12.3,13.8,33.94,1.35
2024,352,11.71,15.19,31.46,0.86
2024,353,10.28,13.99,35.23,1.13
2024,354,10.19,13.91,42.94,1.22
2024,355,9.9,14.24,48.53,1.03
2024,356,10.26,14.06,52.19,1.52
2024,357,10.08,15.63,47.83,1.04
2024,358,4.61,13.26,57.92,1.28
2024,359,4.97,15.63,63.86,1.21
2024,360,7.08,15.14,66.08,1.27
2024,361,8.3,16.27,52.7,0.88
2024,362,1.38,17.27,64.59,2.01
2024,363,1.7,15.2,87.76,1.75
2024,364,6.82,14.42,72.73,2.52
2024,365,5.19,12.35,55.76,2.36
2024,366,6.21,11.62,49.13,1.26
2025,1,7.77,12.22,45.72,2.13
2025,2,8.63,13.24,47.31,2.31
2025,3,8.55,14.55,51.3,1.48
2025,4,7.84,15.22,51.49,1.3
2025,5,9.21,14.42,56.55,1.66
2025,6,7.03,14.03,61.57,1.2
2025,7,4.7,12.53,58.99,2.7
2025,8,13.62,11.72,41.82,2.56
2025,9,12.28,13.72,34.59,1.02
2025,10,8.33,13.74,32.88,0.83
2025,11,7.14,12.18,49.01,1.64
2025,12,5.28,12.42,74.62,1.35
2025,13,10.44,13.3,69.46,2.25
2025,14,11.68,13.24,48.98,1.58
2025,15,4.04,13.74,46.41,1.37
2025,16,8.12,13.22,78.08,1
2025,17,10.69,12.46,65.43,1.95
2025,18,10.61,13.15,44.93,1.28
2025,19,11.79,16.1,46.35,1.41
2025,20,12.58,15.84,46.96,2.41
2025,21,13.9,15.73,45.82,2.35
2025,22,12.56,16.37,50.48,1.38
2025,23,11.83,16.68,46.63,1.81
2025,24,16.19,14.34,44.5,2.69
2025,25,14.82,13.83,35.54,2.69
2025,26,17.07,13.03,32.29,2.02
2025,27,16.5,12.61,33.66,1.99
2025,28,16.78,14.52,30.52,1.6
2025,29,15.63,15.14,34.13,1.65
2025,30,15.23,15.7,38.91,1.5
2025,31,14.85,16.72,41.71,1.31
2025,32,13.5,17.76,39.68,1.33
2025,33,12.46,16.86,48.01,1.61
2025,34,14.56,17.31,42.49,1.64
2025,35,7.87,18.36,44.6,1.28
2025,36,16.81,15.06,44.38,2.48
2025,37,16.93,14.44,35.93,2.98
2025,38,17.49,14.4,37.24,3.15
2025,39,17.38,15.54,33.55,2.39
2025,40,17.37,17.53,30.48,1.53
2025,41,15.7,19.01,30.7,1.45
2025,42,17.19,19.49,33.14,1.43
2025,43,17.98,18.17,38.97,2.7
2025,44,18.83,16.98,30.39,3.61
2025,45,18.66,17.23,30.19,3.02
2025,46,15.44,18.74,34.76,1.85
2025,47,16.78,18.73,42.91,1.27
2025,48,16.04,20.86,35.99,1.18
2025,49,15.4,20.42,36.46,1.62
2025,50,15.45,20.55,34.88,1.36
2025,51,15.29,20.54,52.68,2.57
2025,52,16.72,19.68,51.58,1.6
2025,53,17.57,17.79,48.25,2.45
2025,54,19.59,18.57,44.16,1.56
2025,55,19.48,19,42.58,1.69
2025,56,17.59,20.52,40.05,1.34
2025,57,17.16,21.59,37.94,0.82
2025,58,7.52,20.7,52.51,1.67
2025,59,9.9,19.3,68.65,2.47
2025,60,14.89,20.62,63.49,2.22
2025,61,19.81,20.6,45.89,2.36
2025,62,20.04,20.77,33.78,1.31
2025,63,20.58,20.32,39.08,3.07
2025,64,21.07,17.4,29.95,4.79
2025,65,22.44,18.08,27.46,3.09
2025,66,21.89,19.71,29.36,1.89
2025,67,22.66,21.37,30.1,2.07
2025,68,21.98,23.17,28.32,1.56
2025,69,19.74,23.86,28.97,2.05
2025,70,17.47,24.95,31.41,1.37
2025,71,19.69,25.54,37.05,2.11
2025,72,16.93,27.48,38,1.25
2025,73,19.95,27.97,35.16,1.18
2025,74,18.07,26.17,34.74,2.05
2025,75,21.25,24.39,36.11,2.28
2025,76,21.89,23.08,37.59,1.99
2025,77,22.73,23.01,32.91,1.89
2025,78,23.6,24.59,26.63,1.85
2025,79,22.09,25.13,25.87,1.78
2025,80,22.65,24.86,26.81,2.56
2025,81,21.06,24.69,22.56,1.81
2025,82,23.86,25.11,20.84,1.16
2025,83,24.37,26.4,17.23,1.46
2025,84,23.93,27.38,19.38,1.55
2025,85,23.25,30.47,19.44,1.05
2025,86,20.79,29.66,19.25,2.05
2025,87,25.62,26.13,11.72,3.4
2025,88,21.86,22.34,10.3,3.19
2025,89,25.67,24.53,11.33,2.87
2025,90,26.21,25.55,12.65,2.33
2025,91,25.69,25.98,16.39,2.25
2025,92,25.38,28.07,13.08,1.4
2025,93,23.43,29.69,11.41,0.92
2025,94,23.84,29.37,14.3,1.78
2025,95,25.71,28.32,19.24,2.13
2025,96,25.04,30.31,16.07,1.78
2025,97,24.5,31.6,16.86,1.76
2025,98,23.75,31.5,16.94,2.75
2025,99,23.06,32.23,22.7,1.92
2025,100,19.58,32.64,26.03,1.38
2025,101,21.3,31.09,33.81,3.37
2025,102,23.53,29.21,37.59,1.67
2025,103,23.66,30.67,28.17,1.28
2025,104,24.88,30.47,25.88,2.07
2025,105,23.37,30.98,29.1,2.25
2025,106,22.18,32.04,27.42,2.07
2025,107,23.29,33.11,25.1,1.95
2025,108,23.7,33.37,25.63,2.13
2025,109,22.85,33.11,29.96,4.46
2025,110,22.79,33.06,27.35,3.11
2025,111,23.28,33.41,15.3,1.8
2025,112,27.37,31.49,8.6,2.25
2025,113,27.16,31.97,11.75,2.47
2025,114,27.83,33.22,6.93,1.51
2025,115,26.57,33.22,8.1,1.74
2025,116,21.83,34.22,9.49,1.56
2025,117,23.26,33.14,12.17,1.26
2025,118,23.28,32.68,15.72,2.86
2025,119,24,30.9,23.65,3.14
2025,120,23.26,31.55,30.42,3.21
2025,121,21.79,31.98,33.83,3.56
2025,122,12.59,28.81,51.26,2.34
2025,123,19.46,28.57,52.19,1.95
2025,124,18.41,29.66,47.06,3.57
2025,125,15.43,29.2,51.07,2.62
2025,126,22.6,29.33,41.23,2.25
2025,127,18.42,31.04,42.05,2.2
2025,128,20.03,31.12,43.49,2.45
2025,129,21.14,31.33,42.01,1.8
2025,130,16.31,32.01,44.7,1.43
2025,131,23.63,33.3,41.14,1.39
2025,132,25.1,34,32.25,2.06
2025,133,22.59,34.08,37.81,3
2025,134,25.64,33.9,37.71,1.66
2025,135,25.47,35.04,27.46,1.65
2025,136,25.23,36.41,25.4,2.47
2025,137,22.7,35.78,26.85,2.56
2025,138,25.94,35.87,27.74,2.26
2025,139,23.46,35.48,23.43,2.3
2025,140,24.35,36.28,25.06,2.48
2025,141,24.97,36.9,24.03,2.91
2025,142,24.43,31.36,44.63,3.26
2025,143,24.62,32.68,38.75,3.11
2025,144,22.5,33.54,37.73,3.77
2025,145,14.41,30.6,54.34,2.54
2025,146,20.17,31.97,48.46,2.34
2025,147,23.81,32.94,41.29,1.55
2025,148,21.37,33.92,45.99,1.51
2025,149,16.62,34.71,42.33,1.33
2025,150,14.13,34.38,42.26,1.09
2025,151,21.06,34.29,33.24,1.33
2025,152,17.76,32.98,40.29,3.45
2025,153,22.18,31.39,46.42,1.29
2025,154,15.46,30.76,39.17,1.21
2025,155,18.96,30.8,39.34,1.32
2025,156,24.98,32.28,38.34,1
2025,157,24.27,33.28,34.1,1.16
2025,158,24.07,34.66,31.95,1.34
2025,159,23.16,36.93,29.6,1.76
2025,160,25.24,37.85,24.42,1.85
2025,161,25.97,37.75,21.43,2.4
2025,162,25.04,37.93,22.58,1.68
2025,163,21.64,37.77,27.84,1.81
2025,164,19.39,37.99,33,2.62
2025,165,21.66,36.81,34.83,1.67
2025,166,16.81,35.63,38.54,2.69
2025,167,13.49,33.25,53.61,2.65
2025,168,13.67,32.52,58.95,2.14
2025,169,16.39,29.89,74.29,1.9
2025,170,20.01,32.24,60.04,2.85
2025,171,12.78,33.21,58.38,2.8
2025,172,19.69,34.39,51.18,2.54
2025,173,13.72,34.88,49.49,1.36
2025,174,17.54,34.15,53.1,2.09
2025,175,13.19,34.02,51.05,1.47
2025,176,9.39,34.03,51.69,3.15
2025,177,21.42,34.08,53.01,3.65
2025,178,24.19,34.7,49.95,3.3
2025,179,14.69,33.5,54.03,2.35
2025,180,8.43,32.06,64.5,1.91
2025,181,7.14,27.98,87.23,2.39
2025,182,15.14,30.61,65.92,2.21
2025,183,21.79,31.8,64.87,2.41
2025,184,20.47,32.16,64.38,2.82
2025,185,18.66,31.73,68.34,2.19
2025,186,16.6,32.46,64.19,1.79
2025,187,12.12,31.16,70.86,1.77
2025,188,14.04,32.05,67.35,1.27
2025,189,19.65,31.84,69.82,1.38
2025,190,16.22,30.84,71.74,1.79
2025,191,11.17,28.07,84.64,2.29
2025,192,16.28,30.23,71.62,1.15
2025,193,17.91,31.18,68.06,1.42
2025,194,17.79,29.16,76.68,1.64
2025,195,16.11,28.8,81.26,3.92
2025,196,17.91,29,81.5,5.17
2025,197,18.05,28.18,78.12,2.95
2025,198,15.79,28.82,78.18,2.37
2025,199,16.2,28.83,76.98,4.55
2025,200,21.6,29.38,76.54,3.86
2025,201,20.61,31.04,70.69,2.41
2025,202,10.23,30.02,72.1,1.82
2025,203,13.8,29.39,79.71,1.36
2025,204,7.27,29.87,82.6,1.63
2025,205,20.99,31.09,74.16,1.81
2025,206,21.53,31.91,71.93,1.53
2025,207,21.12,32.27,69.54,1.08
2025,208,18.54,31.35,69.97,2.18
2025,209,15.64,29.46,77.1,0.85
2025,210,8.17,28.56,85.44,1.26
2025,211,12.5,29.34,84.33,2.36
2025,212,8.68,29.14,85.09,1.62
2025,213,13.46,29.74,81.49,1.16
2025,214,16.95,29.59,81.07,1.99
2025,215,15.68,29.19,82.74,2.04
2025,216,9.07,29.26,83.93,2.52
2025,217,8.92,28.34,88.16,2.28
2025,218,18.08,28.43,82.44,1.5
2025,219,23.1,29.14,78.66,2.09
2025,220,18.88,29.74,77.12,1.93
2025,221,4.16,28.42,83.7,1.28
2025,222,15.42,29.06,81.88,1.21
2025,223,13.41,29.49,82.53,1.67
2025,224,14.88,29.18,83.34,1.68
2025,225,16.54,29.01,83.08,1.53
2025,226,6.66,27.34,89.8,1.79
2025,227,10.86,27.92,83.6,0.91
2025,228,15.36,28.38,83.95,1.44
2025,229,14.29,29.06,84.89,1.54
2025,230,18.37,28.01,90.4,2.06
2025,231,18.81,28.77,83.85,1.78
2025,232,21.93,28.55,84.55,2.47
2025,233,19.35,28.94,84.6,2.04
2025,234,15.57,29.52,81.54,0.92
2025,235,16.03,28.47,86.76,1.37
2025,236,17.3,28.29,86.64,2.24
2025,237,8.64,27.19,92.24,2.93
2025,238,13.21,27.86,87.58,2.73
2025,239,13.72,28.73,85.08,1.31
2025,240,15.31,28.75,84.1,1.43
2025,241,8.05,27.16,90.71,2.42
2025,242,17.23,27.84,89.03,2.14
2025,243,6.58,27.23,92.43,2
2025,244,8.15,26.64,91.2,2.77
2025,245,7.81,26.68,90.94,3.39
2025,246,10.08,26.81,90.66,1.9
2025,247,18.26,27.73,85.18,1.24
2025,248,14.82,26.75,89.64,3.18
2025,249,16.93,27.6,88.02,2.54
2025,250,14.89,27.51,88.05,2.01
2025,251,19.15,27.41,85.93,1.35
2025,252,20.72,27.96,84.64,1.8
2025,253,20.59,27.33,85.49,2.98
2025,254,20.61,26.78,83.76,2.56
2025,255,19.83,27.69,81.75,1.77
2025,256,18.45,28.34,76.07,0.98
2025,257,15.33,28.41,78.05,1.28
2025,258,20.57,28.05,82.12,1.83
2025,259,19.35,28.57,77.49,0.93
2025,260,14.61,28.53,80.07,1.06
2025,261,15.97,28,83.26,0.88
2025,262,16.34,28.25,81.67,1.38
2025,263,19.66,27.57,79.8,1.76
2025,264,21.44,26.7,79.21,1.85
2025,265,21.46,25.97,77.63,1.84
2025,266,21.44,25.83,76.49,2
2025,267,21.52,26.04,73.43,2.03
2025,268,21.12,26.02,74.8,1.8
2025,269,21.2,26.34,77.33,1.9
2025,270,19.01,28.45,79.25,0.87
2025,271,19.46,28.25,82.42,2.02
2025,272,18.27,27.92,82.78,1.52
2025,273,5.46,26.35,88.32,1.21
2025,274,17.04,26.77,79.51,0.74
2025,275,15.06,26.28,81.31,1.26
2025,276,17.19,26.46,83,1.2
2025,277,18.03,26.97,76.61,1.44
2025,278,18.75,26.79,67.73,1.22
2025,279,6.45,24.99,81.68,1.31
2025,280,14.54,23.76,87.72,2.03
2025,281,12.63,22.14,81.68,1.34
2025,282,17.3,21.88,78.45,1.67
2025,283,18.77,22.21,67.44,1.15
2025,284,17.89,22.94,61.73,0.92
2025,285,18.54,23.53,69.84,1.31
2025,286,18.36,23.99,56.77,0.87
2025,287,18.38,23.6,55.44,0.89
2025,288,17.63,23.55,55.3,0.86
2025,289,17.9,23.23,55.43,0.99
2025,290,17.46,23.72,62.22,0.77
2025,291,16.41,23.69,66.53,0.95
2025,292,15.38,23.81,65.52,1.07
2025,293,13.95,24.01,65.73,1.25
2025,294,12.77,24.04,72.68,0.97
2025,295,13.86,24.85,66.67,0.98
2025,296,15.22,24.09,55.94,1.19
2025,297,15.53,23.5,53.52,0.99
2025,298,14.88,22.83,52.32,0.96
2025,299,14.5,23.09,49,0.91
2025,300,7.03,22.51,58.09,1.09
2025,301,7.27,20.95,75.55,1.11
2025,302,12.3,22.92,70.8,0.85
2025,303,6.18,23.02,78.93,0.91
2025,304,11.66,23.62,76.05,1.62
2025,305,12.4,23.21,64.18,1.55
2025,306,12.69,21.88,60.14,1.89
2025,307,14.86,21.41,53.53,2.01
2025,308,13.23,20.47,56.64,1.06
2025,309,14.96,21.47,53.4,1.42
2025,310,16.02,18.53,59.42,2.38
2025,311,15.97,17.23,52.47,2.22
2025,312,14.99,16.34,50.6,1.77
2025,313,13.77,16.75,52.45,1.85
2025,314,13.23,18.08,47.78,1.38
2025,315,12.91,17.64,47.28,1.72
2025,316,13.16,16.97,53.47,2.12
2025,317,12.74,16.77,51.62,1.66
2025,318,12.77,16.94,48.65,1.53
2025,319,12.64,17.13,46.68,1.77
2025,320,14.16,16.31,47.41,1.95
2025,321,13.36,16.85,45.66,1.5
2025,322,12.57,17.94,44.29,1.37
2025,323,11.98,18.32,50.34,1.15
2025,324,11.52,17.37,64.17,1.31
2025,325,10.54,17.59,63.95,1.3
2025,326,12.01,18.52,55.67,1.14
2025,327,12.73,18.51,46.61,0.94
2025,328,11.84,17.42,46.77,1.17
2025,329,12.42,15.89,48.08,1.57
2025,330,12.81,16.42,44.76,0.96
2025,331,12,17.79,38.62,0.58
2025,332,10.83,17.18,53.02,1.49
2025,333,11.9,16.68,54.48,2.11
2025,334,10.91,14.69,44.21,2.28
2025,335,12.22,15.52,41.43,1.36
2025,336,10.62,16.46,51.65,1.12
2025,337,13.23,14.32,47.51,1.8
2025,338,12.89,13.37,49.44,2.1
2025,339,12.69,13.62,45.56,1.5
2025,340,13.04,14.33,51.46,2.4
2025,341,13.07,14.68,44.86,2.18
2025,342,13.51,16.27,46.28,2.56
2025,343,14.14,14.67,47.23,2.74
2025,344,13.71,14.82,45.33,1.93
2025,345,13.31,15.94,41.44,1.66
2025,346,11.96,16.11,43.09,1.36
2025,347,9.58,16.52,51.18,0.97
2025,348,8.83,17.01,50.34,0.94
2025,349,9.78,16.32,50.13,1.57
2025,350,13.04,14.36,53.83,2.28
2025,351,12.07,14.9,52.28,1.99
2025,352,7.76,14.97,64.01,1.36
2025,353,9.01,15.45,59.12,1.68
2025,354,6,14.61,47.18,1
2025,355,6.83,13.95,55.99,1.13
2025,356,7.41,15.97,59.08,0.77
2025,357,11.76,16.15,60.92,2.14
2025,358,13.8,13.76,57.15,2.54
2025,359,12.72,14.21,48.2,1.2
2025,360,10.42,14.57,46.98,1.01
2025,361,8.58,13.95,47.65,1.24
2025,362,7.49,13.37,47.97,1.27
2025,363,5.35,14.25,45.59,1.45
2025,364,8.99,14.64,40.85,1.47
2025,365,5.63,13.62,51.12,1.56
2026,1,5.96,13.32,68.94,1.28
2026,2,6.37,13.2,73.54,1.62
2026,3,7.22,11.47,70.89,1.3
2026,4,8.83,12.23,64.24,1.19
2026,5,12.52,11.39,70.98,1.4
2026,6,9.3,13.17,63.32,1.53
2026,7,7.55,11.17,57.5,1.32
2026,8,13.17,10.35,50.49,1.37
2026,9,12.44,12.16,44.42,0.95
2026,10,13.09,12.06,49.86,1.7
2026,11,13.69,11.23,45.74,2.13
2026,12,13.59,11.35,41.5,1.64
2026,13,13.6,11.42,43.97,1.8
2026,14,13.91,10.6,45.99,2.02
2026,15,13.81,10.49,44.59,1.99
2026,16,12.13,12.38,39.97,1.52
2026,17,13.41,14.76,37.69,0.99
2026,18,12.9,14.5,47.81,1.33
2026,19,13.53,16.69,44.84,0.83
2026,20,14.06,16.47,44.26,1.17
2026,21,14.16,15.7,43.72,1.36
2026,22,14.15,16.36,41.93,1.6
2026,23,4.2,12.9,76.03,2.82
2026,24,14.32,10.97,65.94,1.97
2026,25,14.79,11.09,40.24,1.88
2026,26,14.91,12.36,41.78,1.19
2026,27,3.64,15.18,61.82,2.45
2026,28,7.52,14.9,72.09,1.47
2026,29,13.44,12.61,71.73,1.75
2026,30,15.05,14.61,57.02,1.34
2026,31,11.83,16.04,49.32,1.15
2026,32,13.28,17.91,71.39,1.31
2026,33,7.39,16.64,70.97,1.29
2026,34,12.34,16.61,55.03,1.09
2026,35,15.64,16.16,47.52,1.69
2026,36,16.08,15.94,45.41,1.99
2026,37,16.33,16.81,37.85,2.22
2026,38,15.62,17.82,41.13,2.54
2026,39,16.33,17.28,36.94,1.89
2026,40,16.41,17.97,30.54,0.84
2026,41,16.19,19.3,33.31,1
2026,42,16.42,20.34,35.45,1.61
2026,43,16.78,19.03,37.88,2.01
2026,44,16.95,18.99,31.9,1.59
2026,45,17.17,19.67,30.25,1.47
2026,46,17.51,20.28,33,1.61
2026,47,17.81,20.89,30.17,1.06
2026,48,17.58,21.54,30.8,1.23
2026,49,5.7,20.31,37.91,1.61
2026,50,17.37,21.29,46.42,0.71
2026,51,17.83,21.72,38.84,1.13
2026,52,18.24,20.96,38.7,1.67
2026,53,18.44,21.18,36.32,1.25
2026,54,18.61,22.41,30.11,0.88
2026,55,18.78,22.67,28.9,0.99
2026,56,19.35,21.61,25.85,1.41
2026,57,19.44,21.78,24.2,1.84
2026,58,19.24,23.61,25.24,1.42
2026,59,19.22,24.34,24.89,1.29
2026,60,19.37,23.37,25.74,2.33
2026,61,19.32,23.4,20.84,2.45
2026,62,19.98,23.97,18.87,2.65
2026,63,19.82,25.3,21.11,2.64
2026,64,19.61,26.66,26.06,2.68
2026,65,19.85,26.54,25.42,1.8
2026,66,19.92,27.35,28.22,1.11
2026,67,20.24,28.4,18.4,1.44
2026,68,20.13,28.05,23.11,1.58
2026,69,20.61,28.37,19.15,1.32
2026,70,20.78,28.3,16.13,1.87
2026,71,16.14,27.71,19.7,1.88
2026,1,5.96,13.3,77.9,1.3
2026,2,6.37,13,72.75,1.54
2026,3,7.22,11.6,68.7,1.29
2026,4,8.83,12.82,59.07,1.1
2026,5,12.52,11.54,68.1,1.42
2026,6,9.3,13.17,61.98,1.36
2026,7,7.55,10.89,56.57,1.12
2026,8,13.17,10.48,47.53,1.23
2026,9,12.44,11.53,46.64,1.15
2026,10,13.09,11.41,49.68,1.55
2026,11,13.69,10.54,42,1.88
2026,12,13.59,10.89,38.6,1.51
2026,13,13.6,11.74,40.81,1.55
2026,14,13.91,10.55,42.31,1.91
2026,15,13.81,10.87,39.95,1.92
2026,16,12.13,12.62,36.93,1.5
2026,17,13.41,14.59,40.08,1.07
2026,18,12.9,14.48,48.82,1.49
2026,19,13.53,16.24,50.97,1.06
2026,20,14.06,16.32,44.65,1.08
2026,21,14.16,15.38,42.86,1.18
2026,22,14.15,16.66,40.83,2.01
2026,23,4.2,13.43,69.69,2.71
2026,24,14.32,9.24,45.39,1.94
2026,25,14.79,10.2,42.45,1.8
2026,26,14.91,11.91,42.98,1.12
2026,27,3.64,15.02,66.08,2.39
2026,28,7.52,14.37,72.99,1.32
2026,29,13.44,12.34,70.2,1.67
2026,30,15.05,14.28,55.34,1.19
2026,31,11.83,15.64,52.18,1.64
2026,32,13.28,17.43,73.95,1.56
2026,33,7.39,16.26,71.82,1.27
2026,34,12.34,16.74,52.04,0.94
2026,35,15.64,16.37,45.19,1.53
2026,36,16.08,15.74,43.09,1.83
2026,37,16.33,16.75,38.12,1.94
2026,38,15.62,17.78,41.18,2.2
2026,39,16.33,17.73,36.6,1.76
2026,40,16.41,18.35,29.92,1
2026,41,16.19,19.27,34.78,1.17
2026,42,16.42,20.52,35.4,1.47
2026,43,16.78,18.98,37.53,1.85
2026,44,16.95,19.39,30.68,1.55
2026,45,17.17,20.92,27.5,1.32
2026,46,17.51,20.87,31.71,1.46
2026,47,17.81,21.5,28.15,1.02
2026,48,17.58,21.27,32.01,1.47
2026,49,5.7,20.32,40.01,1.8
2026,50,17.37,21.05,47.98,0.57
2026,51,17.83,21.83,38.28,0.97
2026,52,18.24,21.19,37.74,1.48
2026,53,18.44,21.42,35.18,1.35
2026,54,18.61,22.52,30.25,1.01
2026,55,18.78,22.73,27.87,1.04
2026,56,19.35,22.18,24,1.22
2026,57,19.44,22.73,21.73,1.69
2026,58,19.24,24.13,23.56,1.34
2026,59,19.22,24.39,24.89,1.1
2026,60,19.37,23.54,26.18,1.98
2026,61,19.32,23.76,21.1,2.16
2026,62,19.98,24.13,18.91,2.39
2026,63,19.82,25.82,21.36,2.68
2026,64,19.61,27.07,24.48,2.92
2026,65,19.85,27.53,21.13,1.81
2026,66,19.92,27.85,23.45,1.11
2026,67,20.24,28.93,16.74,1.38
2026,68,20.13,28.25,21.45,1.52
2026,69,20.61,28.92,16.39,1.28
2026,70,20.78,28.77,15.45,1.8
2026,71,16.14,27.98,18.62,1.8
2026,72,-999,27.03,29.05,1.5
2026,73,-999,26.73,22.47,1.4
2026,74,-999,-999,-999,-999
2026,75,-999,-999,-999,-999
2026,76,-999,-999,-999,-999
2025,1,7.77,11.81,47.82,2.38
2025,2,8.63,12.94,50.64,2.41
2025,3,8.55,14.25,59.11,1.5
2025,4,7.84,15.37,57.35,1.33
2025,5,9.21,14.39,56.12,1.55
2025,6,7.03,13.94,60.64,1.28
2025,7,4.7,12.56,60.93,2.87
2025,8,13.62,11.22,46.14,2.51
2025,9,12.28,12.68,40.52,1.2
2025,10,8.33,13.38,35.3,0.77
2025,11,7.14,11.68,51.08,1.53
2025,12,5.28,12.35,75.45,1.49
2025,13,10.44,13.14,68.16,2.51
2025,14,11.68,12.61,49.47,1.82
2025,15,4.04,13.37,47.6,1.38
2025,16,8.12,12.63,79.28,1.04
2025,17,10.69,12.44,65.26,2.11
2025,18,10.61,12.67,49.17,1.42
2025,19,11.79,15.37,47.43,1.59
2025,20,12.58,15.62,47.03,2.49
2025,21,13.9,15.45,47.72,2.4
2025,22,12.56,15.73,51.88,1.63
2025,23,11.83,16.52,46.72,2.01
2025,24,16.19,14.12,45.95,2.76
2025,25,14.82,13.35,38.09,2.68
2025,26,17.07,12.28,35.63,1.89
2025,27,16.5,12.03,36.33,2.05
2025,28,16.78,13.71,34.11,1.47
2025,29,15.63,14.41,37.28,1.61
2025,30,15.23,16.17,37.01,1.27
2025,31,14.85,16.96,38.91,1.23
2025,32,13.5,17.62,40.05,1.18
2025,33,12.46,17.01,47.16,1.77
2025,34,14.56,16.8,42.68,1.78
2025,35,7.87,17.73,46.62,1.4
2025,36,16.81,14.8,47.05,2.49
2025,37,16.93,14.42,38.59,3.21
2025,38,17.49,14.14,39.41,3.27
2025,39,17.38,15.1,35.53,2.51
2025,40,17.37,16.86,34.22,1.66
2025,41,15.7,18.28,33.37,1.65
2025,42,17.19,19.06,35.34,1.61
2025,43,17.98,18.02,38.82,2.95
2025,44,18.83,16.44,31.95,3.83
2025,45,18.66,16.91,30.68,3.27
2025,46,15.44,17.06,40.56,1.95
2025,47,16.78,18.27,45.23,1.28
2025,48,16.04,20.16,36.77,1.2
2025,49,15.4,19.7,36.15,1.89
2025,50,15.45,20.09,34.65,1.47
2025,51,15.29,20.31,49.62,2.64
2025,52,16.72,19.32,55.52,1.7
2025,53,17.57,17.69,49.69,2.41
2025,54,19.59,18.22,45.34,1.69
2025,55,19.48,18.55,44.41,1.75
2025,56,17.59,20.09,40.71,1.34
2025,57,17.16,20.43,41,0.98
2025,58,7.52,19.86,65.42,1.88
2025,59,9.9,17.8,80.3,2.51
2025,60,14.89,19.85,65.06,2.05
2025,61,19.81,19.92,44.99,2.44
2025,62,20.04,20.08,35.9,1.41
2025,63,20.58,20.1,40.92,2.9
2025,64,21.07,17.15,33.97,4.99
2025,65,22.44,17.38,31.43,3.05
2025,66,21.89,19.14,33.12,2.06
2025,67,22.66,20.64,33.51,2.11
2025,68,21.98,22.69,30.16,1.52
2025,69,19.74,23.51,30.46,1.91
2025,70,17.47,24.96,31.93,1.38
2025,71,19.69,24.86,40.95,2.31
2025,72,16.93,26.07,43.62,1.58
2025,73,19.95,26.6,37.9,1.36
2025,74,18.07,25.21,38.36,1.98
2025,75,21.25,23.5,41.23,2.1
2025,76,21.89,22.41,41.09,2.08
2025,77,22.73,22.53,35.74,2.13
2025,78,23.6,24.08,32.3,2.11
2025,79,22.09,24.62,28.81,1.96
2025,80,22.65,24.3,29.34,2.68
2025,81,21.06,24.18,25.13,1.72
2025,82,23.86,24.83,21.91,1.27
2025,83,24.37,25.8,21.37,1.4
2025,84,23.93,26.8,24.2,1.62
2025,85,23.25,29.63,22.43,1.11
2025,86,20.79,29.21,21.99,1.85
2025,87,25.62,25.69,13.44,3.13
2025,88,21.86,22.06,13.63,3
2025,89,25.67,23.96,12.99,2.78
2025,90,26.21,25.23,15.67,2.17
2025,91,25.69,25.81,18.68,2.3
2025,92,25.38,27.68,15.72,1.5
2025,93,23.43,28.58,14.96,1.29
2025,94,23.84,29.19,16.1,2.06
2025,95,25.71,28.08,19.75,2.18
2025,96,25.04,29.94,17.46,1.68
2025,97,24.5,31.35,17.97,1.79
2025,98,23.75,30.98,17.89,2.94
2025,99,23.06,32.16,22.25,1.96
2025,100,19.58,32.09,27.77,1.65
2025,101,21.3,30.64,34.96,3.53
2025,102,23.53,27.73,45.2,1.94
2025,103,23.66,30.12,32.3,1.11
2025,104,24.88,30.11,28.29,1.97
2025,105,23.37,30.74,29.79,2.19
2025,106,22.18,31.72,28.23,1.9
2025,107,23.29,32.74,26.63,1.79
2025,108,23.7,32.79,27.63,2.22
2025,109,22.85,32.92,30.93,4.6
2025,110,22.79,32.74,28.96,3.58
2025,111,23.28,32.94,20.75,2.73
2025,112,27.37,31.36,9.67,2.11
2025,113,27.16,32.08,13.87,2.51
2025,114,27.83,32.83,9.21,1.61
2025,115,26.57,33.24,8.88,1.79
2025,116,21.83,33.9,9.57,1.37
2025,117,23.26,33.05,12.23,1.43
2025,118,23.28,32.56,15.76,2.9
2025,119,24,30.57,24.31,3.29
2025,120,23.26,31.36,31.1,3.31
2025,121,21.79,31.9,34.35,3.69
2025,122,12.59,28.44,52.94,2.38
